"Step","twilight-frost-4 - epoch_time","twilight-frost-4 - epoch_time__MIN","twilight-frost-4 - epoch_time__MAX","helpful-wildflower-5 - epoch_time","helpful-wildflower-5 - epoch_time__MIN","helpful-wildflower-5 - epoch_time__MAX","radiant-gorge-1 - epoch_time","radiant-gorge-1 - epoch_time__MIN","radiant-gorge-1 - epoch_time__MAX"
"0","98.13116669654846","98.13116669654846","98.13116669654846","96.33036851882935","96.33036851882935","96.33036851882935","333.07842898368835","333.07842898368835","333.07842898368835"
"1","92.38196682929993","92.38196682929993","92.38196682929993","98.21030068397522","98.21030068397522","98.21030068397522","318.77890062332153","318.77890062332153","318.77890062332153"
"2","92.31693005561829","92.31693005561829","92.31693005561829","94.35336899757385","94.35336899757385","94.35336899757385","326.2925035953522","326.2925035953522","326.2925035953522"
"3","93.71043705940247","93.71043705940247","93.71043705940247","93.32648587226868","93.32648587226868","93.32648587226868","320.24051666259766","320.24051666259766","320.24051666259766"
"4","93.5850920677185","93.5850920677185","93.5850920677185","93.55036306381226","93.55036306381226","93.55036306381226","315.5733458995819","315.5733458995819","315.5733458995819"
"5","92.01828026771545","92.01828026771545","92.01828026771545","93.46078658103943","93.46078658103943","93.46078658103943","312.7152383327484","312.7152383327484","312.7152383327484"
"6","92.53476405143738","92.53476405143738","92.53476405143738","93.0777473449707","93.0777473449707","93.0777473449707","311.85702538490295","311.85702538490295","311.85702538490295"
"7","92.29395532608032","92.29395532608032","92.29395532608032","96.13928413391113","96.13928413391113","96.13928413391113","318.1520097255707","318.1520097255707","318.1520097255707"
"8","92.61730456352234","92.61730456352234","92.61730456352234","92.7338662147522","92.7338662147522","92.7338662147522","331.3807125091553","331.3807125091553","331.3807125091553"
"9","94.0812509059906","94.0812509059906","94.0812509059906","97.89901542663574","97.89901542663574","97.89901542663574","312.0244998931885","312.0244998931885","312.0244998931885"
"10","91.90836381912231","91.90836381912231","91.90836381912231","97.29052019119263","97.29052019119263","97.29052019119263","319.59214091300964","319.59214091300964","319.59214091300964"
"11","92.09518361091614","92.09518361091614","92.09518361091614","98.59331679344177","98.59331679344177","98.59331679344177","328.95414447784424","328.95414447784424","328.95414447784424"
"12","92.27075600624084","92.27075600624084","92.27075600624084","94.28374600410461","94.28374600410461","94.28374600410461","305.3553605079651","305.3553605079651","305.3553605079651"
"13","93.08941626548767","93.08941626548767","93.08941626548767","97.70305609703064","97.70305609703064","97.70305609703064","317.717089176178","317.717089176178","317.717089176178"
"14","92.58140683174133","92.58140683174133","92.58140683174133","95.1182963848114","95.1182963848114","95.1182963848114","309.19100999832153","309.19100999832153","309.19100999832153"
"15","92.72766327857971","92.72766327857971","92.72766327857971","94.47744917869568","94.47744917869568","94.47744917869568","315.43751406669617","315.43751406669617","315.43751406669617"
"16","92.58712005615234","92.58712005615234","92.58712005615234","95.25065755844116","95.25065755844116","95.25065755844116","","",""
"17","92.16672730445862","92.16672730445862","92.16672730445862","101.13648343086243","101.13648343086243","101.13648343086243","","",""
"18","92.7690544128418","92.7690544128418","92.7690544128418","92.29987025260925","92.29987025260925","92.29987025260925","","",""
"19","93.13603639602661","93.13603639602661","93.13603639602661","92.7931559085846","92.7931559085846","92.7931559085846","","",""
"20","93.66945886611938","93.66945886611938","93.66945886611938","95.40020656585693","95.40020656585693","95.40020656585693","","",""
"21","92.72081685066223","92.72081685066223","92.72081685066223","92.71681785583496","92.71681785583496","92.71681785583496","","",""
"22","92.82260465621948","92.82260465621948","92.82260465621948","92.66190147399902","92.66190147399902","92.66190147399902","","",""
"23","92.81202983856201","92.81202983856201","92.81202983856201","93.73520255088806","93.73520255088806","93.73520255088806","","",""
"24","92.81560134887695","92.81560134887695","92.81560134887695","92.60533380508423","92.60533380508423","92.60533380508423","","",""
"25","94.22536659240723","94.22536659240723","94.22536659240723","92.56846618652344","92.56846618652344","92.56846618652344","","",""
"26","92.58188033103943","92.58188033103943","92.58188033103943","101.19487309455872","101.19487309455872","101.19487309455872","","",""
"27","92.61600708961487","92.61600708961487","92.61600708961487","92.7807867527008","92.7807867527008","92.7807867527008","","",""
"28","92.67230796813965","92.67230796813965","92.67230796813965","92.11040902137756","92.11040902137756","92.11040902137756","","",""
"29","92.72654724121094","92.72654724121094","92.72654724121094","92.64650893211365","92.64650893211365","92.64650893211365","","",""
"30","92.16166806221008","92.16166806221008","92.16166806221008","95.66402983665466","95.66402983665466","95.66402983665466","","",""
"31","94.5968554019928","94.5968554019928","94.5968554019928","96.76599550247192","96.76599550247192","96.76599550247192","","",""
"32","96.31933259963989","96.31933259963989","96.31933259963989","92.4314751625061","92.4314751625061","92.4314751625061","","",""
"33","92.6435956954956","92.6435956954956","92.6435956954956","93.05377840995789","93.05377840995789","93.05377840995789","","",""
"34","","","","92.29647946357727","92.29647946357727","92.29647946357727","","",""
"35","","","","92.47008633613586","92.47008633613586","92.47008633613586","","",""
"36","","","","96.47405529022217","96.47405529022217","96.47405529022217","","",""
"37","","","","92.95444345474243","92.95444345474243","92.95444345474243","","",""
"38","","","","91.89276909828186","91.89276909828186","91.89276909828186","","",""
"39","","","","93.61053586006165","93.61053586006165","93.61053586006165","","",""
"40","","","","92.2099437713623","92.2099437713623","92.2099437713623","","",""
"41","","","","92.21376347541809","92.21376347541809","92.21376347541809","","",""
"42","","","","97.4733076095581","97.4733076095581","97.4733076095581","","",""
"43","","","","92.06970739364624","92.06970739364624","92.06970739364624","","",""
"44","","","","92.30006790161133","92.30006790161133","92.30006790161133","","",""
"45","","","","92.05165815353394","92.05165815353394","92.05165815353394","","",""
"46","","","","92.16903400421143","92.16903400421143","92.16903400421143","","",""
"47","","","","97.13610816001892","97.13610816001892","97.13610816001892","","",""
"48","","","","91.87119388580322","91.87119388580322","91.87119388580322","","",""
"49","","","","92.33150100708008","92.33150100708008","92.33150100708008","","",""
"50","","","","92.02233147621155","92.02233147621155","92.02233147621155","","",""
"51","","","","92.13098120689392","92.13098120689392","92.13098120689392","","",""
"52","","","","95.03142762184143","95.03142762184143","95.03142762184143","","",""
"53","","","","93.50913381576538","93.50913381576538","93.50913381576538","","",""
"54","","","","92.43626284599304","92.43626284599304","92.43626284599304","","",""
"55","","","","94.16205620765686","94.16205620765686","94.16205620765686","","",""
"56","","","","91.99018359184265","91.99018359184265","91.99018359184265","","",""
"57","","","","92.11283946037292","92.11283946037292","92.11283946037292","","",""
"58","","","","96.53830289840698","96.53830289840698","96.53830289840698","","",""
"59","","","","92.20110368728638","92.20110368728638","92.20110368728638","","",""
"60","","","","93.00105094909668","93.00105094909668","93.00105094909668","","",""
"61","","","","92.09551978111267","92.09551978111267","92.09551978111267","","",""
"62","","","","91.97977089881897","91.97977089881897","91.97977089881897","","",""
"63","","","","105.23440146446228","105.23440146446228","105.23440146446228","","",""
"64","","","","92.87592267990112","92.87592267990112","92.87592267990112","","",""
"65","","","","92.2063901424408","92.2063901424408","92.2063901424408","","",""
"66","","","","92.29784393310547","92.29784393310547","92.29784393310547","","",""
"67","","","","92.40847945213318","92.40847945213318","92.40847945213318","","",""
"68","","","","92.3059401512146","92.3059401512146","92.3059401512146","","",""
"69","","","","96.90395998954773","96.90395998954773","96.90395998954773","","",""
"70","","","","93.14724826812744","93.14724826812744","93.14724826812744","","",""
"71","","","","92.16450428962708","92.16450428962708","92.16450428962708","","",""
"72","","","","92.05527806282043","92.05527806282043","92.05527806282043","","",""
"73","","","","91.93971419334412","91.93971419334412","91.93971419334412","","",""
"74","","","","97.2306489944458","97.2306489944458","97.2306489944458","","",""
"75","","","","92.27797555923462","92.27797555923462","92.27797555923462","","",""
"76","","","","92.17529678344727","92.17529678344727","92.17529678344727","","",""
"77","","","","92.79728579521179","92.79728579521179","92.79728579521179","","",""
"78","","","","91.98744511604309","91.98744511604309","91.98744511604309","","",""
"79","","","","100.6560525894165","100.6560525894165","100.6560525894165","","",""
"80","","","","92.45836400985718","92.45836400985718","92.45836400985718","","",""
"81","","","","92.05732536315918","92.05732536315918","92.05732536315918","","",""
"82","","","","91.97158336639404","91.97158336639404","91.97158336639404","","",""
"83","","","","91.90558004379272","91.90558004379272","91.90558004379272","","",""
"84","","","","92.27387428283691","92.27387428283691","92.27387428283691","","",""
"85","","","","99.49293541908264","99.49293541908264","99.49293541908264","","",""
"86","","","","92.35258316993713","92.35258316993713","92.35258316993713","","",""
"87","","","","93.1669511795044","93.1669511795044","93.1669511795044","","",""
"88","","","","91.82163691520691","91.82163691520691","91.82163691520691","","",""
"89","","","","93.65401363372803","93.65401363372803","93.65401363372803","","",""
"90","","","","98.90917563438416","98.90917563438416","98.90917563438416","","",""
"91","","","","92.02964377403259","92.02964377403259","92.02964377403259","","",""
"92","","","","92.92972660064697","92.92972660064697","92.92972660064697","","",""
"93","","","","91.88536524772644","91.88536524772644","91.88536524772644","","",""
"94","","","","92.02498579025269","92.02498579025269","92.02498579025269","","",""
"95","","","","97.5041356086731","97.5041356086731","97.5041356086731","","",""
"96","","","","93.2142813205719","93.2142813205719","93.2142813205719","","",""
"97","","","","100.39864182472229","100.39864182472229","100.39864182472229","","",""
"98","","","","92.16073203086853","92.16073203086853","92.16073203086853","","",""
"99","","","","92.43447494506836","92.43447494506836","92.43447494506836","","",""
"100","","","","92.24662041664124","92.24662041664124","92.24662041664124","","",""
"101","","","","98.3134253025055","98.3134253025055","98.3134253025055","","",""
"102","","","","92.27724480628967","92.27724480628967","92.27724480628967","","",""
"103","","","","91.73787260055542","91.73787260055542","91.73787260055542","","",""
"104","","","","92.07989525794983","92.07989525794983","92.07989525794983","","",""
"105","","","","93.16102600097656","93.16102600097656","93.16102600097656","","",""
"106","","","","100.30184674263","100.30184674263","100.30184674263","","",""
"107","","","","92.0545814037323","92.0545814037323","92.0545814037323","","",""
"108","","","","91.94951009750366","91.94951009750366","91.94951009750366","","",""